primary_category,y_min,y_max,c_start,c_end,pct_change
physics.space-ph,2007,2015,2,5,150.00
cs.FL,2010,2010,1,1,0.00
cs.SD,2015,2015,1,1,0.00
cond-mat.quant-gas,2009,2013,1,1,0.00
nucl-ex,2007,2019,68,48,-29.41
cs.CY,2007,2024,18,12,-33.33
cs.GR,2007,2008,5,3,-40.00
cs.SE,2007,2024,15,8,-46.67
cs.NA,2007,2009,6,3,-50.00
cs.SC,2007,2015,2,1,-50.00
physics.ao-ph,2007,2020,10,5,-50.00
cs.GL,2007,2008,2,1,-50.00
cs.OS,2007,2021,2,1,-50.00
physics.pop-ph,2007,2015,13,4,-69.23
cs.PF,2007,2011,10,3,-70.00
stat.ML,2007,2017,9,2,-77.78
q-fin.CP,2008,2010,5,1,-80.00
cs.MM,2007,2012,5,1,-80.00
cs.MS,2007,2010,5,1,-80.00
cs.MA,2007,2016,5,1,-80.00
